s,{݋敪,{ݖ,ݒn,ܓx,ox,Wn,dbԍ,l
c,},?܂ǐ},cO_c3-4-7,35.701223,139.769873,JGD2011,03-3251-5641,
c,},?_c܂ǐ},c_ci2-16,35.693357,139.768304,JGD2011,03-3256-6061,
c,},?lԒ},clԒ1,35.690453,139.741601,JGD2011,03-3239-6357,
c,},?c},ci1-2-1c910K,35.693997,139.753585,JGD2011,03-5211-4289,
c,},?J},cJ1-4,35.671872,139.754602,JGD2011,03-3502-3340(\),
,},?},zn1-1-1,35.670630,139.772000,JGD2011,03-3543-9025,
,},?{},{l`1-1-17,35.684773,139.781493,JGD2011,03-3669-6207,
,},?},挎4-1-1,35.662043,139.782269,JGD2011,03-3532-4391,
`,},?݂ȂƐ},`Ō3-2-25,35.659904,139.750144,JGD2011,03-3437-6621,
`,},?Oc},`5-28-4,35.647051,139.745220,JGD2011,03-3452-4951,
`,},?z},`Z{5-12-24,35.657555,139.735864,JGD2011,03-3585-9925,
`,},?ԍ},`R1-3-3,35.671642,139.725401,JGD2011,03-3408-5090,
`,},?֐},`捂1-16-25,35.642092,139.734268,JGD2011,03-5421-7617,
`,},?`},``3-3-17,35.632980,139.749563,JGD2011,03-3458-1085,
`,},?֐}ٕ,`捂1-4-35,35.642373,139.734814,JGD2011,03-3443-1666,
`,},z}T[rXZ^[iفj,`Oc1-10-4,35.654939,139.738230,JGD2011,03-3456-3225,
Vh,},?},Vhv3-1-1,35.705244,139.707263,JGD2011,03-3364-1421,
Vh,},?ǂ},Vhv3-1-1,35.705244,139.707263,JGD2011,03-3364-1421,
Vh,},?lJ},Vh87,35.687578,139.714447,JGD2011,03-3341-0095,
Vh,},?ߊ},Vh摁cߊ521,35.707405,139.724700,JGD2011,03-3208-2431,
Vh,},?},Vh搼4-13-17,35.725769,139.678965,JGD2011,03-3954-4373,
Vh,},?ˎR},VhˎR2-11-101,35.701951,139.714195,JGD2011,03-3207-1191,
Vh,},?kVh},VhkVh3-20-2,35.702962,139.689461,JGD2011,03-3365-4755,
Vh,},?},Vh撆25,35.698969,139.734577,JGD2011,03-3267-3121,
Vh,},?p},Vh搼Vh4-33-7,35.686218,139.689091,JGD2011,03-5371-0010,
Vh,},?vې},Vhv2-12-7,35.701416,139.706773,JGD2011,03-3209-3812,
Vh,},?},Vh扺1-9-8,35.716019,139.698795,JGD2011,03-3368-6100,
Vh,},?}ً,Vh̕꒬1-4-1,35.693893,139.703426,JGD2011,03-5273-4182,
,},?ΐ},揬ΐ5-9-20,35.716990,139.740126,JGD2011,03-3814-6745,
,},?},{3-10-18,35.703930,139.763714,JGD2011,03-3814-9242,
,},?^},{4-8-15,35.708550,139.757085,JGD2011,03-3815-6801,
,},?Ð},捪2-20-7,35.719214,139.764256,JGD2011,03-3824-2608,
,},?{},ʖ3-2-6,35.725545,139.761477,JGD2011,03-3828-2070,
,},?{},{4-35-15,35.733349,139.755447,JGD2011,03-3828-4117,
,},?ڔ},֌3-17-9,35.715131,139.725508,JGD2011,03-3943-5641,
,},?ˌ݂ǂ̐},4-49-2,35.723788,139.732387,JGD2011,03-3945-0734,
,},?[},搅2-16-14,35.710629,139.737718,JGD2011,03-3945-1621,
,},?ΐ},1-25-3,35.727541,139.743701,JGD2011,03-3946-7748,
䓌,},?},䓌搼3-25-16,35.717291,139.789868,JGD2011,03-5246-5911,
䓌,},?Εl},䓌拴1-35-16,35.725422,139.807602,JGD2011,03-3876-0854,
䓌,},?ݐ},䓌捪5-18-13,35.729252,139.790448,JGD2011,03-3876-2101,
nc,},?nc旧Ђӂː},nc拞1-36-5,35.717105,139.819579,JGD2011,03-5655-2350,
nc,},?nc旧L},nc攪L5-10-1-104,35.725003,139.825802,JGD2011,03-3616-0846,
nc,},?nc旧Ԑ},nc旧6-8-1-101,35.710679,139.834917,JGD2011,03-3618-2620,
nc,},?nc旧ΐ},nc2-24-5,35.695762,139.800611,JGD2011,03-3631-4621,
],},?_},]擌_2-7-5-201,35.643542,139.805368,JGD2011,03-3529-1141,
],},?LF},]LF2-2-18LFZ^[,35.654237,139.795271,JGD2011,03-3536-5931,
],},?Tː},]T7-39-9,35.696976,139.839343,JGD2011,03-3636-6061,
],},?铌},]哇4-5-1斯Z^[,35.689030,139.826987,JGD2011,03-3637-2751,
],},?]},]썻6-7-52,35.671844,139.834105,JGD2011,03-3640-3151,
],},?},]k5-1-7Z^[,35.680392,139.831958,JGD2011,03-3640-4646,
],},?[},]搴3-3-39,35.679152,139.796765,JGD2011,03-3641-0062,
],},?͂ǂƂ傩,]攒4-3-19,35.682180,139.808055,JGD2011,03-3643-7439,
],},?z},]擌z2-3-6Z^[,35.667477,139.816970,JGD2011,03-3644-6121,
],},?哇},]哇9-4-2-101,35.691063,139.845735,JGD2011,03-3681-4646,
],},?ÐΏ},]ÐΏ2-13-2ÐΏꕶZ^[,35.666926,139.799054,JGD2011,03-5245-3101,
i,},?i},iki2-32-3,35.616874,139.742400,JGD2011,03-3471-4667,
i,},?ܔc},i搼ܔc6-5-1,35.622538,139.716574,JGD2011,03-3492-2131,
i,},?},i2-4-8,35.618613,139.725768,JGD2011,03-3495-0660,
i,},?},i3-7-13,35.591688,139.734415,JGD2011,03-3761-6780,
i,},?},i5-19-14,35.598197,139.729048,JGD2011,03-3777-7151,
i,},?O},i撆4-14-17,35.605537,139.709936,JGD2011,03-3781-6273,
i,},?t},it1-4-25,35.607995,139.726706,JGD2011,03-3782-2036,
i,},?`},i撆1-9-15,35.612166,139.710676,JGD2011,03-3784-2557,
i,},?䂽},iL1-17-7,35.611585,139.722443,JGD2011,03-3785-6677,
i,},?},i攪5-10-27,35.600197,139.751451,JGD2011,03-3799-1414,
ڍ,},?勴},ڍ勴1-5-1,35.651494,139.688491,JGD2011,03-3770-3101,
ڍ,},?ڍwO},ڍڍ2-1-3,35.643227,139.698683,JGD2011,03-3710-7253,
ڍ,},?ڍ斯Z^[},ڍڍ2-4-36,35.635734,139.708251,JGD2011,03-3711-1138,
ڍ,},?},ڍ2-8-26,35.612341,139.692376,JGD2011,03-3719-7651,
ڍ,},?΂u},ڍ΂u2-14-23,35.609353,139.673304,JGD2011,03-3723-0661,
ڍ,},?ڍ{},ڍڍ{2-1-20,35.625238,139.695228,JGD2011,03-3792-6325,
ڍ,},?牮},ڍܖ{2-20-15,35.634099,139.689114,JGD2011,03-3711-7465,
ڍ,},?_},ڍ攪_1-1-1,35.621684,139.672995,JGD2011,03-5701-2795,
c,},?c},ccz25-1,35.581647,139.676192,JGD2011,03-3758-3051,
c,},?r},c瑩2-2-10,35.600785,139.691946,JGD2011,03-3726-0401,
c,},?Z}فi{݁j,cZ3-10-16,35.543634,139.714574,JGD2011,03-3732-4445,
c,},?cwO},c抗c5-13-26-301,35.559828,139.715471,JGD2011,03-3736-0131,
c,},?c},c擌c1-19-22,35.563696,139.728437,JGD2011,03-3738-2459,
c,},?l|},c搼J3-32-7,35.553372,139.737395,JGD2011,03-3741-1185,
c,},?X},cX1-17-7,35.563458,139.739758,JGD2011,03-3744-8411,
c,},?Hc},cHc1-11-1,35.550414,139.743502,JGD2011,03-3745-3221,
c,},?r},cr3-27-6,35.574772,139.703219,JGD2011,03-3752-3341,
c,},?v},cv2-28-4,35.579341,139.695315,JGD2011,03-3753-3343,
c,},?},c摽2-24-63,35.556040,139.702347,JGD2011,03-3756-1251,
c,},?ێq},c扺ێq2-18-11,35.565882,139.688044,JGD2011,03-3759-2454,
c,},?X},cX5-2-13,35.571837,139.726026,JGD2011,03-3763-1191,
c,},?V},cXk1-10-14X{(LuzX)4K,35.586493,139.728345,JGD2011,03-3763-3633,
c,},?X},cX1-31-3-104,35.576256,139.738949,JGD2011,03-3763-9681,
c,},?n},c撆n2-26-10,35.595681,139.710410,JGD2011,03-3775-5401,
cJ,},?k},cJk3-8-9,35.667601,139.625667,JGD2011,03-3290-3411,
cJ,},?J},cJ攔J4-13-6,35.663119,139.605106,JGD2011,03-3305-1661,
cJ,},?~u},cJc4-38-10,35.657451,139.654721,JGD2011,03-3323-8261,
cJ,},?GR},cJGR6-2-19,35.668820,139.600551,JGD2011,03-3326-3521,
cJ,},?n},cJ扺n2-32-1,35.641496,139.676261,JGD2011,03-3418-6531,
cJ,},?cJ},cJ4-29-26,35.645903,139.654908,JGD2011,03-3419-1911,
cJ,},?},cJ挷3-16-8,35.637717,139.644332,JGD2011,03-3429-1811,
cJ,},?u},cJu5-14-1,35.644834,139.622119,JGD2011,03-3439-0741,
cJ,},?c},cJc6-34-13,35.662811,139.660649,JGD2011,03-3469-5638,
cJ,},?m},cJctJ3-10-4,35.642272,139.604076,JGD2011,03-3482-2271,
cJ,},?c̑ݏoZ^[,cJ挷3-16-8,35.637717,139.644332,JGD2011,03-3429-1811,
cJ,},?R},cJ擙X2-17-14,35.605777,139.652384,JGD2011,03-3703-2581,
cJ,},?[},cJ[4-33-11,35.620254,139.653776,JGD2011,03-3705-4341,
cJ,},?ʐ},cJʐ1-6-15,35.622959,139.633057,JGD2011,03-3709-4164,
cJ,},?c},cJ抙c3-35-1,35.622324,139.613486,JGD2011,03-3709-6311,
cJ,},?},cJ扜3-47-8,35.603639,139.672651,JGD2011,03-3720-2096,
cJ,},?܂ǐ},cJ5,,,,,
cJ,},?o},cJ{3-1-30,35.651562,139.637821,JGD2011,03-5451-0071,
aJ,},?},aJ_{O1-4-1,35.672458,139.706188,JGD2011,03-3403-2591,
aJ,},?},aJ搼2-28-9,35.674953,139.677732,JGD2011,03-3460-8535,
aJ,},?aJ},aJ擌1-6-6,35.656504,139.709774,JGD2011,03-3407-7544,
aJ,},?xJ},aJ㌴1-46-2,35.668508,139.687254,JGD2011,03-3468-9020,
aJ,},?ː},aJ1-27-1,35.672230,139.667182,JGD2011,03-3460-6784,
aJ,},?{},aJ{1-33-5,35.680752,139.681671,JGD2011,03-5371-4833,
aJ,},?Ր݂Ȃ̐},aJL1917,35.649416,139.716607,JGD2011,03-5793-9500,
aJ,},?Xؐ},aJX3-51-8,35.681984,139.695977,JGD2011,03-3370-7566,
aJ,},?˂ǂ},aJ3-3-1,35.678711,139.669753,JGD2011,03-3378-1983,
aJ,},?ёac},aJu23-21,35.655458,139.699965,JGD2011,03-3464-4780,
,},?㍂c},㍂c5-30-15,35.718764,139.675142,JGD2011,03-3319-5411,
,},?]Óc},]Óc2-1-11,35.724899,139.669068,JGD2011,03-3319-9301,
,},?{},{3-22-5,35.723436,139.639805,JGD2011,03-3337-1044,
,},?},擌1-35-5,35.704584,139.684825,JGD2011,03-3366-9581,
,},?{},{2-13-2,35.694713,139.677821,JGD2011,03-3373-1666,
,},?},3-26-18,35.685390,139.665695,JGD2011,03-3380-2661,
,},?},3-19-5,35.717446,139.654271,JGD2011,03-3389-0214,
,},?},撆2-9-7,35.704456,139.671765,JGD2011,03-5340-5070,
,},?ː},捂˓1-28-1,35.681266,139.622321,JGD2011,03-3290-3456,
,},?},搼k2-33-9,35.707809,139.605958,JGD2011,03-3301-1670,
,},?~},捂~2-36-25,35.700401,139.654107,JGD2011,03-3316-2421,
,},?c},搬c3-28-5,35.695071,139.637513,JGD2011,03-3317-0341,
,},?i},i4-25-7,35.680747,139.640793,JGD2011,03-3322-7141,
,},?{O},{O5-5-27,35.693197,139.598933,JGD2011,03-3333-5166,
,},?쉬E},쉬E1-10-2,35.695031,139.614540,JGD2011,03-3335-7377,
,},?},扬E3-40-23,35.701890,139.626793,JGD2011,03-3391-5754,
,},?`ؐ},䑐1-6-13,35.720275,139.612121,JGD2011,03-3394-3801,
,},?䑐},扺䑐3-26-5,35.720941,139.623257,JGD2011,03-3396-7999,
,},?J},戢Jk3-36-14,35.711697,139.633258,JGD2011,03-5373-1811,
,},?},1-51-2,35.678993,139.660059,JGD2011,03-5355-7100,
,},?},捡4-12-10,35.715612,139.599825,JGD2011,03-3394-0431,
L,},},L擌r4-5-2CYA[ir45K,35.726957,139.718920,JGD2011,03-3983-7861,
L,},?},L2-2-2,35.737238,139.747410,JGD2011,03-3940-5751,
L,},?},L摃3-8-2,35.733959,139.733130,JGD2011,03-3910-3608,
L,},?rܐ},Lr2-45-15,35.738552,139.717009,JGD2011,03-3940-1779,
L,},?rܐ},Lr3-29-10,35.735940,139.705831,JGD2011,03-3985-7981,
L,},?GiJ}ݏoR[i[,LGiJ3-1-7,35.719723,139.713751,JGD2011,03-3590-1335,
L,},?ڔ},Lڔ4-31-8,35.725760,139.698851,JGD2011,03-3950-7121,
L,},?瑁},L瑁2-44-2,35.735620,139.688442,JGD2011,03-3955-8361,
k,},?쐼},k6-21-25,35.745623,139.725914,JGD2011,03-3576-8800,
k,},?c[},kc[V2-14-15,35.740577,139.764817,JGD2011,03-3810-4341,
k,},?c[},kc[3-16-2,35.734411,139.756855,JGD2011,03-3828-5569,
k,},?a},k揺a3-10-7,35.749495,139.751368,JGD2011,03-3893-5418,
k,},?ԉH},kԉH1-13-1,35.777712,139.723724,JGD2011,03-3901-1992,
k,},?\},k\3-3-9,35.760402,139.718432,JGD2011,03-3905-3533,
k,},?ԉH},kԉH5-7-5,35.775440,139.710473,JGD2011,03-3907-5992,
k,},?ԉHk},kԉHk1-18-1-111,35.787216,139.712860,JGD2011,03-3907-6412,
k,},?},k搼1-23-3,35.743446,139.747565,JGD2011,03-3910-9092,
k,},?},k\1-2-5,35.756263,139.729044,JGD2011,03-5993-1125,
k,},?L},kL3-27-22,35.760469,139.747816,JGD2011,03-3927-3421,
k,},?Ԑ},k敂1-8-2-102,35.790001,139.702704,JGD2011,03-3965-6531,
k,},?_J},k_J3-35-17,35.771319,139.731087,JGD2011,03-5249-1200,
k,},?\},k擌\3-2-14,35.765189,139.728595,JGD2011,03-5390-6680,
k,},?}ٕ,kL1-14-12,35.758446,139.739729,JGD2011,03-3912-8566,
r,},?Z},rZ6-63-1,35.737450,139.795424,JGD2011,03-3807-9221,
r,},?䂢̐X炩,rr2-50-1,35.739490,139.783823,JGD2011,03-3891-4349,
r,},?v},r搼v3-12-12,35.752255,139.764508,JGD2011,03-3800-5821,
r,},?},r撬5-11-18,35.751277,139.778956,JGD2011,03-3892-9821,
r,},?闢},r擌闢6-38-4,35.731180,139.774993,JGD2011,03-3803-1645,
r,},?}T[rXXe[V,rZ8-12-5-114,35.737611,139.808017,JGD2011,03-3807-8130,
r,},?V}T[rXXe[V,r搼闢6-25-14,35.736920,139.770710,JGD2011,03-3800-3321,
,},?},搬3-13-1,35.778846,139.632360,JGD2011,03-3977-6078,
,},?΍},揬΍1-6-2,35.745567,139.680865,JGD2011,03-3554-8801,
,},?},1-10-15,35.754429,139.715777,JGD2011,03-3579-2666,
,},?Ԓː},Ԓ6-38-1,35.778715,139.644803,JGD2011,03-3939-5281,
,},?},捂3-13-1,35.787514,139.659091,JGD2011,03-3939-6565,
,},?X},X쒬28-9,35.753139,139.704839,JGD2011,03-3961-9981,
,},?@},@3-15-1-101,35.788859,139.676511,JGD2011,03-3965-7351,
,},?},16-16,35.766449,139.702166,JGD2011,03-3965-9701,
,},?},Ց1-13-1,35.760026,139.691511,JGD2011,03-3967-5261,
,},?},搼3-13-2,35.773986,139.668814,JGD2011,03-5399-1191,
,},?u},揬1-8-1,35.773232,139.700014,JGD2011,03-5994-3021,
,},?΂{[jqǂG{,{24-1,35.759732,139.708380,JGD2011,03-3579-2665,
n,},?ш},nш1-36-16,35.736971,139.636105,JGD2011,03-3577-1831,
n,},?},nw2-21-17,35.760609,139.587130,JGD2011,03-3921-0991,
n,},?׎R},n1-3-18,35.765328,139.609229,JGD2011,03-3921-4641,
n,},?֒},n֒3-11-2,35.720940,139.580460,JGD2011,03-3929-5391,
n,},?a},n敽a1-36-17,35.760099,139.664753,JGD2011,03-3931-9581,
n,},?n},nLʖk6-8-1,35.734202,139.651886,JGD2011,03-3992-1580,
n,},?ΐ_},nΐ_1-16-31,35.736302,139.599371,JGD2011,03-3995-2230,
n,},?t},nt5-31-2-201,35.751436,139.638966,JGD2011,03-5241-1311,
n,},?u},nu4-1-5,35.763101,139.630025,JGD2011,03-5383-6500,
n,},?},n1-44-7,35.743367,139.574898,JGD2011,03-5387-3600,
n,},}ٕ??ǂƖ{̂Ђ,n3-17-10,35.740655,139.569381,JGD2011,03-3925-4151,
n,},?|},n揬|2-43-1,35.741907,139.676003,JGD2011,03-5995-1121,
n,},?c},nc5-15-22,35.737576,139.611139,JGD2011,03-5393-2411,
,},?},Z5-13-5,35.756577,139.802512,JGD2011,03-5813-3740,
,},?Ԕ},Ԕ4-16-8,35.802827,139.807458,JGD2011,03-3850-2601,
,},?|̒ː},|̒2-25-17,35.792631,139.794598,JGD2011,03-3859-9966,
,},?悢},撆{3-15-1,35.772250,139.809721,JGD2011,03-3852-1433,
,},?a},擌a3-12-9,35.771103,139.839570,JGD2011,03-3628-6203,
,},?},捲2-43-5,35.788137,139.840248,JGD2011,03-3628-3275,
,},?ɐl},ɐl1-3-26,35.806068,139.773204,JGD2011,03-3857-0771,
,},?ےː},ے˒7-16,35.786691,139.816105,JGD2011,03-3858-1553,
,},?]k},]k3-39-4,35.775859,139.760069,JGD2011,03-3890-4488,
,},?]R~jeB},揬2-4-18,35.755856,139.757475,JGD2011,03-3913-0460,
,},?VcR~jeB},Vc2-2-2,35.771499,139.738115,JGD2011,03-3912-1767,
,},?{},拻1-18-38,35.768306,139.782379,JGD2011,03-3889-0370,
,},?ɋ},ɋ2-4-22,35.791207,139.780993,JGD2011,03-3857-6537,
,},?l},掭l6-8-1,35.783972,139.758271,JGD2011,03-3857-6551,
,},?~c},~c7-13-1,35.768336,139.800716,JGD2011,03-3840-4646,
,},?},6-2-1BiVXuCgR[g3K,35.768042,139.871306,JGD2011,03-3607-9201,
,},?},擌1-7-3,35.778909,139.867538,JGD2011,03-3627-3111,
,},?q},抙q2-4-5,35.745245,139.875339,JGD2011,03-3650-7741,
,},?TL},TL1-17-5scZ512K,35.759189,139.846026,JGD2011,03-3690-1901,
,},?Ԓ},您Ԓ2-1-15,35.751171,139.838706,JGD2011,03-3690-7661,
,},?ΐ},旧1-9-1,35.737278,139.845693,JGD2011,03-3696-4451,
,},?㏬},擌V3-12-1scZ1K,35.722978,139.861865,JGD2011,03-3696-7901,
,},?n},搼2-2-8߉,35.784947,139.849061,JGD2011,03-5660-2201,
,},?lؒn},l4-8-1wZ,35.736912,139.833968,JGD2011,03-5670-3321,
,},?˒n},5-20-6˒n,35.750147,139.854364,JGD2011,03-3838-1273,
,},?˒n},扜3-5-1쉜ˏwZ,35.731692,139.860207,JGD2011,03-3696-2781,
,},?Vh}T[rXR[i[,Vh1-5-6Vhe𗬊ٓ,35.759056,139.858957,JGD2011,03-3607-9105,
,},?n},揬3-8-22wZ,35.753796,139.824833,JGD2011,03-3601-3855,
]ː,},?},]ː撆3-1-3,35.710543,139.869755,JGD2011,03-3656-6211,
]ː,},?},]ː擌3-6-9,35.731285,139.890507,JGD2011,03-3672-0251,
]ː,},?]},]ː揼]2-1-10]斯vUޓ,35.696903,139.871068,JGD2011,03-3654-7251,
]ː,},?},]ː敽1-11-26,35.701490,139.850902,JGD2011,03-3684-6381,
]ː,},?},]ː蒬7-20-19蕶vUޓ,35.705429,139.902971,JGD2011,03-3670-9102,
]ː,},?},]ː]ː6-24-1,35.675543,139.870847,JGD2011,03-3687-6811,
]ː,},?},]ː搼5-10-47,35.664834,139.862896,JGD2011,03-5658-0751,
]ː,},?},]ː擌8-22-1,35.654826,139.879604,JGD2011,03-5658-4008,
]ː,},?},]ː]ː2-35-6,35.684078,139.900066,JGD2011,03-5666-1022,
]ː,},?qǂ},]ː蒬3-12-10,35.705748,139.912819,JGD2011,03-5664-2011,
]ː,},?R~jeB},]ː掭1-54-2,35.709506,139.889719,JGD2011,03-3678-6891,
]ː,},?VR~jeB},]ː搴V1-2-2,35.658765,139.856031,JGD2011,03-3878-1926,
qs,},?},qsl3-3-6,35.657252,139.310429,JGD2011,042-664-4321,
qs,},?UwKZ^[},qs5-6,35.658531,139.339976,JGD2011,042-648-2233,
qs,},?},qs2-27,35.611658,139.379434,JGD2011,042-679-2201,
qs,},?},qs3838,35.686523,139.299031,JGD2011,042-654-8448,
qs,},?}ٖk앪,qsk쒬545-3,35.645539,139.354839,JGD2011,042-642-1350,
qs,},?}ق݂Ȃݖ앪,qs݂Ȃݖ1-7-1Жw3w2K,35.632475,139.328288,JGD2011,042-637-3150,
s,},?č},sč蒬1-1-43,35.696668,139.406788,JGD2011,042-525-6177,
s,},?},sxm6-51-1,35.691210,139.393237,JGD2011,042-525-6905,
s,},?ѐ},sђ3-12-25,35.691166,139.416413,JGD2011,042-525-7231,
s,},?},s3-22-5,35.703004,139.419150,JGD2011,042-527-0015,
s,},?},s2-36-2,35.702202,139.414096,JGD2011,042-528-6800,
s,},?},s6-12-10,35.729611,139.372162,JGD2011,042-531-0432,
s,},?㍻},s㍻1-13-1,35.720753,139.390496,JGD2011,042-535-1531,
s,},?t},st3-34-1,35.720211,139.439189,JGD2011,042-535-8841,
s,},?K},sK5-83-1,35.725742,139.418449,JGD2011,042-536-8308,
s,},?gˎ},sgˎ{1-21-13,35.705002,139.582266,JGD2011,0422-20-1011,
s,},?},sgˎk4-8-3,35.712514,139.566199,JGD2011,0422-51-5145,
s,},?vCX,s2-3-18,35.701098,139.543716,JGD2011,0422-30-1900,
Os,},?},Os2-6-47,35.680978,139.535786,JGD2011,0422-33-1311,
Os,},?O},OsA8-3-3,35.685261,139.558091,JGD2011,0422-43-9151,
Os,},A}فiفj,OsA6-13-13,35.688813,139.565334,JGD2011,0422-43-9159,
Os,},?},Os5-8-16,35.682750,139.578649,JGD2011,0422-49-3851,
Os,},?OwO},OsA3-13-10,35.699520,139.563068,JGD2011,0422-71-0035,
Os,},?암}ق݂Ȃ,OsV5-14-16,35.675223,139.568624,JGD2011,0422-76-5571,
~s,},?~s},~s6-492-1,35.780194,139.268855,JGD2011,0428-22-3249,
~s,},?~s},~s͕Ӓ10-8-1,35.785364,139.285038,JGD2011,0428-22-4885,
~s,},?~s},~s2-288,35.796684,139.290865,JGD2011,0428-31-2251,
~s,},?~sV},~sV4-17-1,35.786079,139.304925,JGD2011,0428-31-7337,
~s,},?~s},~s2-908-1,35.806511,139.311031,JGD2011,0428-31-8600,
~s,},?~sؐ},~s4-644,35.824159,139.248541,JGD2011,0428-74-5204,
~s,},?~s\ؐ},~s\3-1656-1,35.818065,139.275106,JGD2011,0428-74-5332,
~s,},?~s~},~s~3-749-1,35.786795,139.224431,JGD2011,0428-76-0404,
~s,},?~s},~s2-682,35.804713,139.196304,JGD2011,0428-78-8304,
~s,},?~s~},~s268-9,35.791133,139.256520,JGD2011,0428-20-7150,
~s,},?͕ӎsZ^[,~s͕Ӓ6-18-1,35.778488,139.293633,JGD2011,0428-22-4885,
~s,},?~sZ^[,~st3-9-6,35.790631,139.282374,JGD2011,0428-24-8110,
{s,},?{s},{s{2-24,35.675990,139.483917,JGD2011,042-362-8647,
{s,},?{sUwKZ^[},{sԒ1-7,35.679002,139.496450,JGD2011,042-336-5702,
{s,},?{s},{s2-20,35.660879,139.495314,JGD2011,042-360-2882,
{s,},?{s},{s1-60,35.667077,139.506139,JGD2011,042-360-3443,
{s,},?{slJ},{slJ2-75,35.665286,139.445640,JGD2011,042-360-3663,
{s,},?{sZg},{sZg1-61,35.660295,139.460277,JGD2011,042-360-5775,
{s,},?{sV},{sV1-66,35.687183,139.489386,JGD2011,042-360-6336,
{s,},?{sgtu},{sgtu2-1,35.676537,139.509247,JGD2011,042-360-7227,
{s,},?{s{},{s{1-10,35.670894,139.456258,JGD2011,042-360-8998,
{s,},?{sВ},{sВ2-17,35.670274,139.469367,JGD2011,042-368-7117,
{s,},?{s},{s5-4,35.653692,139.517809,JGD2011,042-483-4122,
{s,},?{s},{s2-2,35.688577,139.461418,JGD2011,042-576-6390,
{s,},?{s{},{s{3-1,35.668845,139.478691,JGD2011,042-364-3613,
s,},?s},s2-6-33,35.705301,139.385190,JGD2011,042-543-1523,
s,},?s}ُa,s1-2-25,35.712915,139.357675,JGD2011,042-546-8851,
s,},?s}ٗΕ,sΒ4-13-26,35.714198,139.344610,JGD2011,042-544-8818,
s,},?s}قu,su3-1-30,35.714331,139.370987,JGD2011,042-545-5448,
s,},?s}ق܂̂ݕ,sq3-10-3,35.711009,139.335511,JGD2011,042-543-3947,
zs,},?zs},zs2-33-1,35.650998,139.541309,JGD2011,042-441-6181,
zs,},?zs}ٍ̕,zs̒3-12-1,35.650885,139.560276,JGD2011,042-484-2000,
zs,},?zs}ْa,zsu4-22-6,35.651425,139.573649,JGD2011,042-485-2000,
zs,},?zs}ِ[厛,zs[厛k5-17-3,35.678099,139.550478,JGD2011,042-485-3350,
zs,},?zs}ِ_㕪,zsu1-40-5,35.660732,139.569995,JGD2011,042-485-0054,
zs,},?zs}ً{̉,zsΌ3-34-10,35.651375,139.524822,JGD2011,042-486-5798,
zs,},?zs}ٗ΃Pu,zsιu2-25,35.666937,139.586473,JGD2011,03-3300-7672,
zs,},?zs}ٕxm,zsxm2-3-26,35.658401,139.539305,JGD2011,042-481-7664,
zs,},?zs}َt,zst3-16-13,35.654939,139.583998,JGD2011,03-3309-3411,
zs,},?zs}ِn,zsn3-3-1,35.639832,139.555810,JGD2011,042-488-8393,
zs,},?zs}ٍ{,zs{4-42-2,35.658623,139.556195,JGD2011,042-485-1306,
cs,},?csX},csX3-5-1,35.533448,139.465968,JGD2011,042-710-1717,
cs,},?csт},cs2-13-23,35.551439,139.444204,JGD2011,042-722-3768,
cs,},?cs},csc3-2-9,35.540451,139.450363,JGD2011,042-728-8220,
cs,},?csߐ},csߐ6-7-2-1-101,35.590544,139.469124,JGD2011,042-737-0263,
cs,},?cs},cs795-1,35.604272,139.333395,JGD2011,042-774-2131,
cs,},?csؑ]R},csR蒬2160,35.569874,139.435136,JGD2011,042-793-6767,
cs,},?csߐwO},cs\J1-2-1aw|vz[ߐQK,35.582856,139.478917,JGD2011,042-737-0263,
cs,},?},cs3-14-2,35.578447,139.416018,JGD2011,042-792-3450,
s,},?s},s{1-1-32,35.697700,139.510624,JGD2011,042-383-1138,
s,},?s}يшk,sшk1-11-12,35.702321,139.497695,JGD2011,042-385-3561,
s,},?s}ٓ,s1-39-1,35.693990,139.526627,JGD2011,042-383-4550,
s,},?Vِ},sO3-8-1,35.693872,139.499611,JGD2011,042-385-9563,
s,},?s}ٗΕ,sΒ3-3-23,35.709552,139.516375,JGD2011,042-387-7302,
s,},?s약},s약3-3-18,35.717330,139.490929,JGD2011,042-325-1300,
s,},?s}ُ㐅앪,s㐅쒬1-27-1,35.713091,139.483708,JGD2011,042-325-4151,
s,},?sÓc},sÓc3-11-1,35.720770,139.470078,JGD2011,042-341-1245,
s,},?s},s7-1-17,35.735394,139.497223,JGD2011,042-342-2001,
s,},?s쐼},s쐼4-10-13,35.735126,139.461798,JGD2011,042-343-1200,
s,},?sh},s쒬1-345,35.730160,139.439591,JGD2011,042-344-3360,
s,},?s},s145,35.730896,139.484917,JGD2011,042-344-7151,
s,},?s},s쒬2-1325,35.727774,139.476668,JGD2011,042-345-1246,
s,},?s}ُ앪,s쒬1-1012,35.725788,139.459270,JGD2011,042-345-3877,
s,},?s}ىԏk,sԏ5-41-3,35.734251,139.510261,JGD2011,042-463-8377,
s,},?sԏ},sԏ1-8-1,35.727919,139.514084,JGD2011,042-467-1215,
s,},?s},sLc2-49,35.656140,139.382312,JGD2011,042-586-0584,
s,},?s},s2-9,35.663342,139.381620,JGD2011,042-583-2561,
s,},?s},s{7-5-14,35.678763,139.399530,JGD2011,042-584-0467,
s,},?ss},s_1-12-1,35.670496,139.395606,JGD2011,042-585-1111,
s,},?s},sO4-1-12,35.658848,139.413430,JGD2011,042-591-7322,
s,},?sR},sR5-18-2,35.647160,139.380424,JGD2011,042-591-7772,
s,},?sS},sS204-1,35.657732,139.430940,JGD2011,042-594-4646,
Rs,},?RsHÐ},RsHÒ2-17-10,35.771077,139.486551,JGD2011,042-391-0930,
Rs,},?Rsc},Rsc4-19-1,35.759625,139.452116,JGD2011,042-392-2334,
Rs,},?RsR},RsR2-13-1,35.742237,139.477747,JGD2011,042-393-3172,
Rs,},?Rs},Rs{1-1-10,35.755270,139.468207,JGD2011,042-394-2900,
Rs,},?Rsxm},Rsxm1-7-35,35.743996,139.461275,JGD2011,042-395-7241,
s,},?ؐ},sؒ2-12-3,35.715824,139.453219,JGD2011,042-321-9972,
s,},?PE},sE4-12-8,35.707761,139.464256,JGD2011,042-324-1927,
s,},?{},s{1-7-1,35.705288,139.482492,JGD2011,042-324-2022,
s,},?Ƃ܂},s2-3-13,35.692093,139.483070,JGD2011,042-325-4222,
s,},?},s3-13-19,35.707810,139.443193,JGD2011,042-576-5907,
s,},?{}ىwO,s{4-1-9{NX^r4K,35.700596,139.478077,JGD2011,042-324-0505,
s,},?ɂ},sxm2-34,35.685151,139.444416,JGD2011,042-576-0161,
s,},?ɂ}ِ,s244,35.683198,139.423542,JGD2011,042-540-7367,
s,},?ɂ}ْJۓ,sJ135-1,35.686397,139.430056,JGD2011,042-580-7214,
s,},?ɂ}ىJە,sJ5066,35.679625,139.448808,JGD2011,042-580-7215,
s,},?ɂ}ٓsvU,s2-3-211K,35.674543,139.430661,JGD2011,042-580-7216,
s,},?ɂ}ٓ,s3-18-32,35.691456,139.454847,JGD2011,042-580-7219,
s,},?ɂksvU},sk3-1-191K,35.699365,139.432662,JGD2011,042-580-7220,
s,},?s킩},sF199-1,35.718119,139.335002,JGD2011,042-551-0083,
s,},?s킩},s1280-1,35.746199,139.320912,JGD2011,042-552-7421,
s,},?s},sF850-1,35.732073,139.337586,JGD2011,042-553-3111,
s,},?s},s1-12-2,35.746833,139.333943,JGD2011,042-553-8881,
]s,},?]s},]sa{1-1-5,35.634887,139.578748,JGD2011,03-3488-4414,
as,},?as},as3-930,35.745395,139.426625,JGD2011,042-564-2454,
as,},?asu},asu3-44-13,35.733817,139.420084,JGD2011,042-567-2231,
as,},?as},as4-1,35.740808,139.447211,JGD2011,042-564-2944,
s,},?swO},s1-4-5NA4K,35.773277,139.520536,JGD2011,042-492-8751,
s,},?s쉖},s쉖1-322-2쉖nsZ^[,35.779157,139.499467,JGD2011,042-493-4086,
s,},?s},s~1-1-21,35.773147,139.511149,JGD2011,042-493-4326,
s,},?s|u},s|u1-11-1|unsZ^[,35.765895,139.511508,JGD2011,042-495-1555,
s,},?sh},sh2-524-1hnsZ^[,35.797546,139.533297,JGD2011,042-495-5432,
s,},?sǂ},s1-6-6₫z[,35.774685,139.519584,JGD2011,042-495-8666,
vĎs,},?vĎs},vĎs咬2-10-5nZ^[,35.764827,139.540862,JGD2011,042-470-8022,
vĎs,},?vĎsЂ΂肪u},vĎsЂ΂肪ucn185암nZ^[,35.746564,139.534329,JGD2011,042-463-3996,
vĎs,},?vĎsR},vĎsR4-1-10nZ^[,35.744878,139.504401,JGD2011,042-471-7216,
vĎs,},?vĎs},vĎs2-6-23,35.755517,139.522346,JGD2011,042-475-4646,
Rs,},?cxEɓޕn},Rscx1-60-3,35.746169,139.375101,JGD2011,042-560-0171,
Rs,},?Ocؒn},RsO2-39-2,35.758531,139.368584,JGD2011,042-560-3301,
Rs,},?n},Rs5-1-69,35.735662,139.405840,JGD2011,042-562-3243,
Rs,},?˒n},Rsw4-4,35.745877,139.400497,JGD2011,042-564-1284,
Rs,},?n},Rs3-16,35.756927,139.400763,JGD2011,042-565-0112,
Rs,},?vې},Rs{2-77-1,35.754543,139.382963,JGD2011,042-569-1501,
s,},?s},s2-29,35.617488,139.425113,JGD2011,042-373-7955,
s,},?s},s626-7,35.643294,139.437744,JGD2011,042-371-2242,
s,},?sLu},sLu5-6,35.614553,139.434715,JGD2011,042-374-6581,
s,},?s֌ː},s֌1-1-5UEXNGA2K,35.651683,139.446089,JGD2011,042-371-1004,
s,},?su},su2-21-1,35.630976,139.458074,JGD2011,042-339-7333,
s,},?siR},siR1-5xuiR3K,35.628260,139.448429,JGD2011,042-337-6211,
s,},?sؓc},sߖq6-14,35.611895,139.425901,JGD2011,042-338-0660,
s,},?s}ٍs,s֌6-12-1,35.637149,139.446295,JGD2011,042-338-6888,
s,},?s},sz4-6-18,35.645642,139.488417,JGD2011,042-378-7124,
s,},?s},s2111,35.638078,139.503749,JGD2011,042-377-2123,
s,},?s},s1780,35.634849,139.518967,JGD2011,042-377-1866,
s,},?sO},s1-20-5,35.613117,139.492461,JGD2011,042-331-1439,
s,},?sl},s271,35.645914,139.505366,JGD2011,042-378-2401,
s,},?sivU},st2-5-2,35.621149,139.472184,JGD2011,042-331-1731,
Hs,},?Hs},Hs΃u2-11-2,35.764333,139.316618,JGD2011,042-554-2280,
Hs,},?Hs}ُ},Hs5-6-4,35.774731,139.300783,JGD2011,042-579-1523,
Hs,},?Hs}ى,HsH3-10-12,35.764221,139.302333,JGD2011,042-554-0130,
Hs,},?Hs}ٕxm,Hsxm1-18,35.765932,139.325657,JGD2011,042-555-5301,
Hs,},?Hs}ِ蕪,Hs4-2-4,35.753009,139.316964,JGD2011,042-554-7225,
s,},?}كG,s39-27,35.725236,139.315717,JGD2011,042-550-5959,
s,},?ܓs},sܓs368,35.729872,139.222342,JGD2011,042-595-0236,
s,},?}??˕,sɓ1157-5,35.727463,139.247615,JGD2011,042-596-0109,
s,},?},sH1-16-2,35.730652,139.288709,JGD2011,042-558-1108,
s,},?s},s쒬5-6-11,35.726018,139.537789,JGD2011,042-465-0823,
s,},?sےJwO},s3-14-30XeA4K,35.748151,139.567256,JGD2011,042-421-3060,
s,},?sŋvې},sŋvے5-4-48,35.732690,139.528134,JGD2011,042-465-9825,
s,},?sJː},sJ˒1-17-2,35.741248,139.543950,JGD2011,042-421-4545,
s,},?s},s1-15-1,35.728384,139.553957,JGD2011,042-464-8240,
s,},?sЂ΂肪u},sЂ΂肪u1-2-1,35.751801,139.543560,JGD2011,042-424-0264,
s,},?Vِ}T[rX,sV5-2-7,35.712960,139.536402,JGD2011,0422-55-1783,
䒬,},?Rӂ邳Ǝvoِ},䒬{710,35.789626,139.354843,JGD2011,042-556-3233,
䒬,},?aPJ},䒬aJ988,35.765225,139.363774,JGD2011,042-513-9810,
䒬,},?R~jeBZ^[},䒬PPPWOԒnR~jeBZ^[,35.780933,139.337174,JGD2011,042-557-5980,
䒬,},?䒬},䒬Δ1962,35.774735,139.356719,JGD2011,042-557-5614,
䒬,},?R~jeB[Z^[},䒬ނ1-5Ap[g27R~jeBZ^[,35.761580,139.339706,JGD2011,042-533-4606,
̏o,},?̏o}ّv앪,̏o厚v1167-6,35.745199,139.235803,JGD2011,042-597-5747,
̏o,},?̏o},̏o2780,35.742186,139.256972,JGD2011,042-597-3496,
w,},?w},sSw621-1,35.730768,139.143517,JGD2011,042-598-1160,
,},?X},X199-ٓ,35.808780,139.097301,JGD2011,0428-83-8227,
,},?×},Og82ٓ,35.815303,139.149913,JGD2011,0428-85-1618,
哇,},哇},哇1-15,34.753087,139.354149,JGD2011,04992-2-2392,
_Ó,},?_Ó},_Ó974,34.205111,139.139350,JGD2011,04992-8-0405,
O,},?O},O497,34.075968,139.479169,JGD2011,04994-5-1453,
䒬,},?䒬},䒬O26-6,33.113517,139.792649,JGD2011,04996-2-0797,
,},?},sԒn,32.466577,139.763753,JGD2011,04996-9-0201,
,,,,,,,,{ݖ̑OɁ̂̂́Ae{݊֘AfڃTCgւ̃N܂B
